{
  "conventional_long_name": "Republic of Kosovo",
  "native_name": "{{unbulleted list |item_style|=|font-size:81%; |native name|sq|Republika e Kosov\u00ebs|italics|=|off| |native name|sr|\u0420\u0435\u043f\u0443\u0431\u043b\u0438\u043a\u0430 \u041a\u043e\u0441\u043e\u0432\u043e <br/> Republika Kosovo|italics|=|off}} {{native name|sq|Republika e Kosov\u00ebs|italics|=|off}} {{native name|sr|\u0420\u0435\u043f\u0443\u0431\u043b\u0438\u043a\u0430 \u041a\u043e\u0441\u043e\u0432\u043e <br/> Republika Kosovo|italics|=|off}}",
  "common_name": "Kosovo",
  "image_flag": "Flag of Kosovo.svg",
  "image_coat": "Coat of arms of Kosovo.svg",
  "image_map": "Kosovo_on_the_globe_(Europe_centered).svg",
  "map_caption": "Location of Kosovo in the world",
  "national_anthem": "\"[[Europe (anthem)|Europe]]\" <br/><center>[[File:National Anthem of the Republic of Kosovo.ogg]]</center>",
  "official_languages": "{{hlist|[[Albanian language|Albanian]]|[[Serbian language|Serbian]]}}",
  "regional_languages": "{{hlist|[[Bosnian language|Bosnian]]|[[Turkish language|Turkish]]|[[Romani language|Romani]]}}",
  "ethnic_groups_year": "{{unbulleted list | 92% [[Albanians (ethnic group)|Albanians]] | 4% [[Serbs of Kosovo|Serbs]] | 2% [[Bosniaks and Gorans of Kosovo|Bosniaks]] | 1% [[Turks in Kosovo|Turks]] | 1% [[Romani of Kosovo|Romani]]}}",
  "demonym": "{{unbulleted list |Kosovar, Kosovan}}",
  "capital": "{{nowrap|[[Pristina]]}} <sup>a</sup>",
  "status": "[[List of states with limited recognition|Disputed]]<br/>\n* [[International recognition of Kosovo|Recognized by 101 member states]] of the [[United Nations]]\n* Claimed by [[Serbia]] as the ''[[Autonomous Province of Kosovo and Metohija]]'' {{small|(under [[United Nations Security Council Resolution 1244|UN Security Council resolution 1244]])}}",
  "coordinates": "{{Coord|42|40|N|21|10|E|type:city}}",
  "largest_city": "capital",
  "government_type": "[[Unitary state|Unitary]] [[Parliamentary republic|parliamentary]] [[constitution]]al [[republic]]",
  "leader_title1": "[[President of Kosovo|President]]",
  "leader_name1": "[[Hashim Tha\u00e7i]]",
  "leader_title2": "[[Prime Minister of Kosovo|Prime Minister]]",
  "leader_name2": "''Vacant''",
  "leader_title3": "[[Chairman of the Assembly of Kosovo|Chairman of the Assembly]]",
  "leader_name3": "[[Kadri Veseli]]",
  "legislature": "[[Assembly of the Republic of Kosovo|Assembly of Kosovo]]",
  "area_km2": "10,887",
  "area_rank": "171st",
  "area_sq_mi": "4,212",
  "percent_water": "1.0",
  "population_estimate": "1,809,936",
  "population_estimate_year": "2019",
  "population_census_year": "2011",
  "population_density_km2": "159",
  "population_density_sq_mi": "412",
  "GDP_PPP_year": "2019",
  "GDP_PPP": "$22.154&nbsp;billion",
  "GDP_PPP_per_capita": "$12,122",
  "GDP_nominal_year": "2019",
  "GDP_nominal": "$8.208&nbsp;billion",
  "GDP_nominal_per_capita": "$4,491",
  "Gini_year": "2016",
  "Gini_change": "decrease",
  "Gini": "26.5",
  "Gini_rank": "121",
  "HDI_year": "2016",
  "HDI_change": "increase",
  "HDI": "0.742",
  "currency": "[[Euro]] ([[Euro sign|\u20ac]])<sup>d</sup>",
  "currency_code": "EUR",
  "time_zone": "[[Central European Time|CET]]",
  "utc_offset": "+1",
  "time_zone_DST": "[[Central European Summer Time|CEST]]",
  "utc_offset_DST": "+2",
  "drives_on": "[[Right- and left-hand traffic|right]]",
  "calling_code": "[[Telephone numbers in Kosovo|+383]]<sup>e</sup>",
  "iso3166code": "XK",
  "cctld": "[[.xk]] (proposed)",
  "established_event1": "[[Kosovo Vilayet]]",
  "established_date1": "1877",
  "established_event2": "[[Socialist Autonomous Province of Kosovo|Autonomous Province]]",
  "established_date2": "31 January 1946",
  "established_event3": "[[Republic of Kosova]]",
  "established_date3": "2 July 1990",
  "established_event4": "[[Kumanovo Agreement]]",
  "established_date4": "9 June 1999",
  "established_event6": "[[United Nations Interim Administration Mission in Kosovo|UN Administration]]",
  "established_date6": "10 June 1999",
  "established_event7": "[[2008 Kosovo declaration of independence|Declaration of independence]]",
  "established_date7": "17 February 2008",
  "established_event8": "[[International Steering Group for Kosovo|End of Steering Group supervision]]",
  "established_date8": "10 September 2012",
  "established_event9": "[[Brussels Agreement (2013)|Brussels Agreement]]",
  "established_date9": "19 April 2013",
  "footnote_a": "[[Pristina]] is the capital and [[Prizren]] is the historic capital of Kosovo.",
  "footnote_b": "2014 estimate. A new estimate from 2018 has been added in order to give a more accurate GDP per capita.",
  "footnote_c": "Preliminary results of 2011 census, which excluded four northern Serb-majority municipalities where it could not be carried out.",
  "footnote_d": "Adopted unilaterally; Kosovo is not a formal member of the [[eurozone]].",
  "footnote_e": "Assigned 15 December 2016 to Kosovo by ITU. [[+381]] was previously used for fixed lines. Kosovo-licensed mobile-phone providers used [[Telephone numbers in Monaco|+377]] (Monaco) or [[Telephone numbers in Slovenia|+386]] (Slovenia) instead.",
  "footnote_f": "XK is a \"user assigned\" ISO 3166 code not designated by the standard, but used by the [[European Commission]], [[Switzerland]], the [[Deutsche Bundesbank]] and other organisations. However, [[ISO 3166-2:RS|ISO 3166-2:RS-KM]] remains in use."
}