{
  "conventional_long_name": "Grand Duchy of Luxembourg",
  "common_name": "Luxembourg",
  "native_name": "{{ubl|native name|lb|Groussherzogtum&nbsp;L\u00ebtzebuerg<wbr />|native name|fr|Grand-Duch\u00e9 de Luxembourg<wbr />|native name|de|nowrap|Gro\u00dfherzogtum&nbsp;Luxemburg<wbr />}} {{native name|lb|Groussherzogtum&nbsp;L\u00ebtzebuerg<wbr />}} {{native name|fr|Grand-Duch\u00e9 de Luxembourg<wbr />}} {{native name|de|nowrap|Gro\u00dfherzogtum&nbsp;Luxemburg<wbr />}} {{nowrap|Gro\u00dfherzogtum&nbsp;Luxemburg<wbr />}}",
  "image_flag": "Flag of Luxembourg.svg",
  "image_coat": "Coat of arms of Luxembourg.svg",
  "national_motto": "<br /> {{native phrase|lb|nowrap|\"[[Mir w\u00eblle bleiwe wat mir sinn]]\"|italics|=|off}} <br /> {{nowrap|\"[[Mir w\u00eblle bleiwe wat mir sinn]]\"}} {{native phrase|fr|nowrap|\"[[Mir w\u00eblle bleiwe wat mir sinn|Nous voulons rester ce que nous sommes]]\"|italics|=|off}} <br /> {{nowrap|\"[[Mir w\u00eblle bleiwe wat mir sinn|Nous voulons rester ce que nous sommes]]\"}} {{native phrase|de|nowrap|\"[[Mir w\u00eblle bleiwe wat mir sinn|Wir wollen bleiben, was wir sind]]\"|italics|=|off}} <br /> {{nowrap|\"[[Mir w\u00eblle bleiwe wat mir sinn|Wir wollen bleiben, was wir sind]]\"}} {{small|\"We want to remain what we are\"}}",
  "national_anthem": "\"[[Ons Heemecht]]\"<br> {{smaller|(\"Our Homeland\")}} <br>[[File:Luxembourg National Anthem.ogg|center]]",
  "royal_anthem": "\"[[De Wilhelmus]]\"<sup>a</sup>",
  "image_map": "EU-Luxembourg.svg",
  "map_caption": "{{map caption |location_color|=|dark green |country|=|nobold|Luxembourg| |region|=|[[Europe]] | region_color|=|dark grey |subregion|=|the [[European Union]] | subregion_color|=|green}} {{nobold|Luxembourg}}",
  "capital": "[[Luxembourg City]]",
  "largest_city": "capital",
  "coordinates": "{{Coord|49|48|52|N|06|07|54|E|display|=|inline,title}}",
  "official_languages": "{{plainlist|\n*[[Luxembourgish]]\n*[[French language|French]]\n*[[German language|German]]|efn|1|=|Strictly speaking, there is no official language in Luxembourg. No language is mentioned in the Constitution; other laws only speak about Luxembourgish as the \"national language\" and French and German as \"administrative languages\".}} {{efn|1|=|Strictly speaking, there is no official language in Luxembourg. No language is mentioned in the Constitution; other laws only speak about Luxembourgish as the \"national language\" and French and German as \"administrative languages\".}} {{Infobox\n| child |=| yes\n| label1 |=| Nationality |nobold|(2017)|\n| data1 |=| |Unbulleted list |50.9% [[Luxembourgers]] | 18.2% [[Portuguese Luxembourger|Portuguese]] | 13.5% [[French people|French]] | 10.3% [[Germans]] | 7.1% Other\n|item3_style|=|padding-top:0.2em;line-height:1.2em|}} {{nobold|(2017)}} {{Unbulleted list |50.9% [[Luxembourgers]] | 18.2% [[Portuguese Luxembourger|Portuguese]] | 13.5% [[French people|French]] | 10.3% [[Germans]] | 7.1% Other\n|item3_style|=|padding-top:0.2em;line-height:1.2em}}",
  "demonym": "Luxembourgish, [[Luxembourgers|Luxembourger]]",
  "government_type": "[[Unitary state|Unitary]] [[Parliamentary system|parliamentary]] [[constitutional monarchy]]",
  "leader_title1": "[[Monarchy of Luxembourg|Monarch]] {{small|([[List of Grand Dukes of Luxembourg|list]])}}",
  "leader_name1": "[[Henri, Grand Duke of Luxembourg|Henri]]",
  "leader_title2": "[[Prime Minister of Luxembourg|Prime Minister]] {{small|([[List of Prime Ministers of Luxembourg|list]])}}",
  "leader_name2": "[[Xavier Bettel]]",
  "leader_title3": "Co-[[List of Deputy Prime Ministers of Luxembourg|Deputy Prime Minister]]s",
  "leader_name3": "{{plainlist|\n*[[Etienne Schneider]]\n*[[F\u00e9lix Braz]]}}",
  "legislature": "[[Chamber of Deputies (Luxembourg)|Chamber of Deputies]]",
  "sovereignty_type": "[[Independence]]",
  "established_event1": "from the [[For\u00eats|French Empire]] and elevation to [[History of Luxembourg#Developing independence (1815\u20131890)|Grand Duchy of Luxembourg]]",
  "established_date1": "15 March 1815",
  "established_event2": "Independence in personal Union with the Netherlands ([[Treaty of London (1839)|Treaty of London]])",
  "established_date2": "19 April 1839",
  "established_event3": "Reaffirmation of Independence [[Treaty of London (1867)|Treaty of London]]",
  "established_date3": "11 May 1867",
  "established_event4": "End of [[personal union]] with the [[Kingdom of the Netherlands]]",
  "established_date4": "23 November 1890",
  "established_event5": "from the [[Nazi Germany|German Reich]]",
  "established_date5": "1944 / 1945",
  "established_event6": "[[United Nations Charter|Admitted to the]] [[United Nations]]",
  "established_date6": "24 October 1945",
  "established_event7": "[[Enlargement of the European Union#Founding members|Founded]] the [[European Economic Community|EEC]] {{efn|1|=|[[European Union]] since 1993.}}",
  "established_date7": "1 January 1958",
  "area_km2": "2,586.4",
  "area_rank": "167th",
  "area_sq_mi": "998",
  "percent_water": "0.60%",
  "population_estimate": "{{increase}} 613,894",
  "population_census": "439,539",
  "population_estimate_year": "January 2019",
  "population_estimate_rank": "164th",
  "population_census_year": "2001",
  "population_density_km2": "233.7",
  "population_density_sq_mi": "602.8",
  "population_density_rank": "58th",
  "GDP_PPP": "$70.926 billion",
  "GDP_PPP_year": "2019",
  "GDP_PPP_rank": "94th",
  "GDP_PPP_per_capita": "$114,825",
  "GDP_PPP_per_capita_rank": "2nd",
  "GDP_nominal": "$77.436 billion",
  "GDP_nominal_year": "2019",
  "GDP_nominal_rank": "71st",
  "GDP_nominal_per_capita": "$125,364",
  "GDP_nominal_per_capita_rank": "1st",
  "Gini": "30.9",
  "Gini_year": "2017",
  "Gini_change": "decrease",
  "Gini_rank": "19th",
  "HDI": "0.904",
  "HDI_year": "2017",
  "HDI_change": "increase",
  "HDI_rank": "21st",
  "currency": "[[Euro]] ([[Euro sign|\u20ac]])<sup>b</sup>",
  "currency_code": "EUR",
  "time_zone": "[[Central European Time|CET]]",
  "utc_offset": "+1",
  "utc_offset_DST": "+2",
  "time_zone_DST": "[[Central European Summer Time|CEST]]",
  "drives_on": "right",
  "calling_code": "[[Telephone numbers in Luxembourg|+352]]",
  "cctld": "[[.lu]]<sup>c</sup>",
  "footnote_a": "Not the same as the ''[[Het Wilhelmus]]'' of the Netherlands.",
  "footnote_b": "Before 1999, [[Luxembourgish franc]].",
  "footnote_c": "The [[.eu]] domain is also used, as it is shared with other [[European Union]] member states.",
  "footnote_d": "{{note|ddd}} {{cite web |work|=|[[The World Factbook]] |title|=|Field Listing&nbsp;\u2013 Distribution of family income&nbsp;\u2013 Gini index |publisher|=|[[Central Intelligence Agency]] |url|=|https://www.cia.gov/library/publications/the-world-factbook/fields/2172.html#Govt |accessdate|=|3 May 2013}}"
}