{
  "conventional_long_name": "Republic of Moldova",
  "common_name": "Moldova",
  "native_name": "{{native name|ro|Republica Moldova}}",
  "image_flag": "Flag of Moldova.svg",
  "image_coat": "Coat of arms of Moldova.svg",
  "national_anthem": "\"[[Limba Noastr\u0103]]\"<br />( {{Lang-en|\"Our Language\"}} )<br /><center>[[File:Imnul Republicii Moldova US NAVY.ogg]]</center>",
  "image_map": "Location Moldova Europe.png",
  "map_caption": "{{nowrap|Location of '''Moldova''' (green) and <br />[[Transnistria]] (light green) in Europe.}}",
  "image_map2": "Moldova - Location Map (2013) - MDA - UNOCHA.svg",
  "capital": "[[Chi\u0219in\u0103u]]",
  "coordinates": "{{Coord|47|0|N|28|55|E|type:city}}",
  "largest_city": "capital",
  "official_languages": "[[Romanian language|Romanian]] (also named [[Moldovan language|Moldovan]])<sup>a</sup>",
  "regional_languages": "{{hlist | [[Gagauz language|Gagauz]] | [[Russian language|Russian]] | [[Ukrainian language|Ukrainian]]|ref| name=\"deschide\"|{{cite web|title=\u0418\u0433\u043e\u0440\u044c \u0414\u043e\u0434\u043e\u043d // \u0420\u0443\u0441\u0441\u043a\u0438\u0439 \u044f\u0437\u044b\u043a \u0434\u043e\u043b\u0436\u0435\u043d \u0432\u0435\u0440\u043d\u0443\u0442\u044c\u0441\u044f \u0432 \u041c\u043e\u043b\u0434\u043e\u0432\u0443|url=https://deschide.md/ru/russian_news/social_ru/9330/%D0%98%D0%B3%D0%BE%D1%80%D1%8C-%D0%94%D0%BE%D0%B4%D0%BE%D0%BD--%D0%A0%D1%83%D1%81%D1%81%D0%BA%D0%B8%D0%B9-%D1%8F%D0%B7%D1%8B%D0%BA-%D0%B4%D0%BE%D0%BB%D0%B6%D0%B5%D0%BD-%D0%B2%D0%B5%D1%80%D0%BD%D1%83%D1%82%D1%8C%D1%81%D1%8F-%D0%B2-%D0%9C%D0%BE%D0%BB%D0%B4%D0%BE%D0%B2%D1%83.htm|website=Deschide|publisher=Deschide|accessdate=18 August 2017}}|</ref>|ref| name=\"Rosbalt\"|{{cite web|title=\u0414\u043e\u0434\u043e\u043d \u0433\u043e\u0442\u043e\u0432 \u0438\u0437\u043c\u0435\u043d\u0438\u0442\u044c \u0441\u0442\u0430\u0442\u0443\u0441 \u0440\u0443\u0441\u0441\u043a\u043e\u0433\u043e \u044f\u0437\u044b\u043a\u0430 \u0432 \u041c\u043e\u043b\u0434\u0430\u0432\u0438\u0438 \u0432 \u0441\u043b\u0443\u0447\u0430\u0435 \u0432\u043e\u0441\u0441\u043e\u0435\u0434\u0438\u043d\u0435\u043d\u0438\u044f \u0441 \u041f\u0440\u0438\u0434\u043d\u0435\u0441\u0442\u0440\u043e\u0432\u044c\u0435\u043c|url=http://m.rosbalt.ru/world/2017/07/26/1633629.html|website=Rosbalt|publisher=Rosbalt|accessdate=18 August 2017}}|</ref>|ref| name=\"Rusojuz\"|{{cite web|title=\u0420\u0443\u0441\u0441\u043a\u0438\u0439 \u0441\u043e\u044e\u0437 \u041b\u0430\u0442\u0432\u0438\u0438 \u0431\u0443\u0434\u0435\u0442 \u0441\u043e\u0442\u0440\u0443\u0434\u043d\u0438\u0447\u0430\u0442\u044c \u0441 \u043f\u0430\u0440\u0442\u0438\u0435\u0439 \u0421\u043e\u0446\u0438\u0430\u043b\u0438\u0441\u0442\u043e\u0432 \u041c\u043e\u043b\u0434\u043e\u0432\u044b|url=http://www.rusojuz.lv/ru/ourevents/26083-russkij-sojuz-latvii-budet-sotrudnichat-s-partiej-socialistov--moldovi/|website=Rusojuz.lv|publisher=[[Latvian Russian Union]]|accessdate=18 August 2017}}|</ref>}}",
  "languages_type": "Inter-ethnic languages",
  "languages": "[[Russian language|Russian]]",
  "ethnic_groups": "75.1% [[Moldovans|Moldovan]]<br />7.0% [[Romanians|Romanian]]<br />6.6% [[Ukrainians|Ukrainian]]<br />4.6% [[Gagauz people|Gagauz]]<br />4.1% [[Russians|Russian]]<br />1.9% [[Bulgarians|Bulgarian]]<br />0.36% [[Romani people|Romani]]<br />0.07% [[Poles]]<br />0.89% other",
  "ethnic_groups_year": "2014; excluding [[Transnistria]]",
  "demonym": "[[Moldovans|Moldovan]]",
  "government_type": "[[Unitary state|Unitary]] [[Parliamentary system|parliamentary]] [[constitution]]al [[republic]]",
  "leader_title1": "[[President of Moldova|President]]",
  "leader_name1": "[[Igor Dodon]]",
  "leader_title2": "[[Prime Minister of Moldova|Prime Minister]]",
  "leader_name2": "[[Maia Sandu]]",
  "leader_title3": "[[President of the Moldovan Parliament|President of the Parliament]]",
  "leader_name3": "[[Zinaida Grecean\u00eei]]",
  "legislature": "[[Parliament of the Republic of Moldova|Parliament]]",
  "sovereignty_type": "[[History of Moldova|Formation]]",
  "established_event1": "[[Moldavia|Principality of Moldavia]]",
  "established_date1": "1346",
  "established_event2": "[[Bessarabia Governorate]]",
  "established_date2": "1812",
  "established_event3": "[[Moldavian Democratic Republic]]",
  "established_date3": "15 December 1917",
  "established_event4": "[[Kingdom of Romania|Union with Romania]]",
  "established_date4": "9 April 1918",
  "established_event5": "[[Moldavian Autonomous Soviet Socialist Republic|Moldavian ASSR]]",
  "established_date5": "12 October 1924",
  "established_event6": "[[Moldavian Soviet Socialist Republic|Moldavian SSR]]",
  "established_date6": "2 August 1940",
  "established_event7": "[[Moldovan Declaration of Independence| {{nowrap|Independence from}} the Soviet Union]]",
  "established_date7": "27 August 1991<sup>b</sup>",
  "established_event8": "[[United Nations Security Council Resolution 739|Admitted to the]] [[United Nations]]",
  "established_date8": "2 March 1992",
  "established_event9": "[[Constitution of Moldova|Constitution]] adopted",
  "established_date9": "29 July 1994",
  "area_label": "Including Transnistria",
  "area_km2": "33,846",
  "area_rank": "135th",
  "area_sq_mi": "13,067",
  "area_label2": "Excluding Transnistria",
  "area_data2": "{{convert|29683|km2|abbr|=|on}}",
  "percent_water": "1.4 {{small|(including Transnistria)}}",
  "population_estimate": "{{decrease}} 2,681,735 <br /> {{small|(excludes [[Transnistria]])}}",
  "population_estimate_year": "2019-01-01",
  "population_estimate_rank": "138rd",
  "population_density_km2": "90.5",
  "population_density_sq_mi": "234",
  "population_density_rank": "93th",
  "GDP_PPP": "$27.271 billion",
  "GDP_PPP_year": "2019",
  "GDP_PPP_per_capita": "$7,700",
  "GDP_nominal": "$12.037 billion",
  "GDP_nominal_year": "2019",
  "GDP_nominal_per_capita": "$3,399",
  "Gini": "26.8",
  "Gini_year": "2014",
  "Gini_change": "decrease",
  "HDI": "0.700",
  "HDI_year": "2017",
  "HDI_change": "increase",
  "HDI_rank": "112th",
  "currency": "[[Moldovan leu|Leu]]",
  "currency_code": "MDL",
  "time_zone": "[[Eastern European Time|EET]]",
  "utc_offset": "+2",
  "utc_offset_DST": "+3",
  "time_zone_DST": "[[Eastern European Summer Time|EEST]]",
  "drives_on": "right",
  "calling_code": "[[Telephone numbers in Moldova|+373]]",
  "cctld": "[[.md]]",
  "official_website": "{{Official website}}",
  "footnote_a": "As determined by the [[Moldovan Declaration of Independence]], which the Constitutional court of Moldova found to take precedence over Article 13 of the [[Constitution of Moldova (1994)|Constitution]], which uses the name \"[[Moldovan language|Moldovan]]\".",
  "footnote_b": "Date of proclamation. Independence subsequently finalized with the [[Dissolution of the Soviet Union|dissolution of the USSR]] in December 1991."
}