{
  "conventional_long_name": "Principality of Monaco",
  "common_name": "Monaco",
  "native_name": "{{native name|fr|Principaut\u00e9 de Monaco|nbsp|=|omit}} <br /> {{native name|lij|Principatu de M\u00f9negu|nbsp|=|omit}} {{efn|name|=|a|In other languages of Monaco:\n*|lang-it|Principato di Monaco|\n*[[Mon\u00e9gasque dialect|Mon\u00e9gasque]]: ''Principatu de M\u00fanegu'' \n*|lang-oc|Principat de M\u00f3negue}} {{lang-it|Principato di Monaco}} *[[Mon\u00e9gasque dialect|Mon\u00e9gasque]]: ''Principatu de M\u00fanegu'' \n* {{lang-oc|Principat de M\u00f3negue}}",
  "image_flag": "Flag of Monaco.svg",
  "image_coat": "Coat of Arms of Monaco.svg",
  "national_motto": "{{native phrase|la|\"Deo Juvante\"|italics|=|off}} <br />( {{Lang-en|\"With God's Help\"}} )",
  "national_anthem": "\"[[Hymne Mon\u00e9gasque]]\"<br />( {{Lang-en|\"Hymn of Monaco\"}} )\n<div style=\"display:inline-block;margin-top:0.4em;\">[[File:Monaco National Anthem.ogg]]</div>",
  "image_map": "Location Monaco Europe.png",
  "map_caption": "{{map caption |location_color|=|green |region|=|Europe |region_color|=|green & dark grey}}",
  "capital": "Monaco ([[city-state]]) {{ref label|infoboxa|a}}",
  "coordinates": "{{Coord|43|44|N|7|25|E|type:city}}",
  "largest_settlement": "[[Monte Carlo]]",
  "largest_settlement_type": "''Quartier''",
  "official_languages": "[[French language|French]]",
  "languages_type": "[[Lingua franca|Common languages]]",
  "languages": "{{unbulleted list |[[Mon\u00e9gasque dialect|Mon\u00e9gasque]] |[[Italian language|Italian]] |[[Occitan language|Occitan]]}}",
  "ethnic_groups": "{{unbulleted list |[[Mon\u00e9gasque people|Mon\u00e9gasques]] |[[Italian people|Italians]] | [[French people|French]], [[Occitans]]}}",
  "demonym": "{{unbulleted list |Mon\u00e9gasque |Monacan|ref label|infoboxc|c}} {{ref label|infoboxc|c}}",
  "government_type": "[[Unitary state|Unitary]] [[parliamentary system|parliamentary]] [[constitutional monarchy]]",
  "leader_title1": "[[Monarchy of Monaco|Monarch]]",
  "leader_name1": "[[Albert II, Prince of Monaco|Albert II]]",
  "leader_title2": "[[Minister of State (Monaco)|Minister of State]]",
  "leader_name2": "[[Serge Telle]]",
  "legislature": "[[National Council (Monaco)|National Council]]",
  "sovereignty_type": "[[Independence]]",
  "established_event1": "[[House of Grimaldi]] (under the sovereignty of the [[Republic of Genoa]])",
  "established_date1": "1297",
  "established_event2": "from the [[Alpes-Maritimes|French Empire]]",
  "established_date2": "17 May 1814",
  "established_event3": "from occupation of the [[Sixth Coalition]]",
  "established_date3": "17 June 1814",
  "established_event4": "[[Franco-Monegasque Treaty]]",
  "established_date4": "1861",
  "established_event5": "[[Constitution of Monaco|Constitution]]",
  "established_date5": "1911",
  "area_km2": "2.2",
  "area_rank": "194th",
  "area_sq_mi": "1.26",
  "percent_water": "negligible",
  "population_estimate": "38,400",
  "population_census": "38,897",
  "population_estimate_year": "2015",
  "population_estimate_rank": "217th",
  "population_census_year": "2016",
  "population_density_km2": "18,713",
  "population_density_sq_mi": "48,462",
  "population_density_rank": "1st",
  "GDP_nominal": "US$6.5&nbsp;billion",
  "GDP_nominal_year": "2016 {{ref label|infoboxb|b}}",
  "GDP_nominal_rank": "148th",
  "GDP_nominal_per_capita": "US$168,000",
  "GDP_nominal_per_capita_rank": "1st",
  "currency": "[[Euro]] ([[Euro sign|\u20ac]])",
  "currency_code": "EUR",
  "time_zone": "[[Central European Time|CET]]",
  "utc_offset": "+1",
  "utc_offset_DST": "+2",
  "time_zone_DST": "[[Central European Summer Time|CEST]]",
  "drives_on": "[[Driving side|right]]",
  "calling_code": "[[Telephone numbers in Monaco|+377]]",
  "cctld": "[[.mc]]",
  "footnote_a": "{{note|infoboxa}} Government offices are however, located in the ''Quartier'' of [[Monaco-Ville]].",
  "footnote_b": "{{note|infoboxb}} GDP per capita calculations include non-resident workers from France and Italy.",
  "footnote_c": "{{note|infoboxc}} ''Monacan'' is the term for residents.",
  "religion": "[[Roman Catholicism]] (official)"
}