{
  "conventional_long_name": "Portuguese Republic",
  "common_name": "Portugal",
  "native_name": "{{native name|pt|Rep\u00fablica Portuguesa|nbsp|=|omit}}",
  "image_flag": "Flag_of_Portugal.svg",
  "image_coat": "Coat of arms of Portugal.svg",
  "symbol_width": "100px",
  "national_anthem": "\" {{lang|pt|[[A Portuguesa]]}} \"<br /><div style=\"display:inline-block;margin-top:0.4em;\">[[File:A Portuguesa.ogg]]</div>",
  "image_map": "EU-Portugal_with_islands_circled.svg",
  "map_caption": "{{map caption |location_color|=|dark green |region|=|[[Europe]] |region_color|=|dark grey |subregion|=|the [[European Union]] |subregion_color|=|green}}",
  "capital": "[[Lisbon]]",
  "coordinates": "{{Coord|38|46|N|9|9|W|type:city}}",
  "largest_city": "Lisbon",
  "languages_type": "'''[[Official language]]'''<br /> {{nobold|and [[national language]]}}",
  "languages": "[[Portuguese language|Portuguese]]",
  "languages_sub": "yes",
  "languages2_type": "regional languages",
  "languages2": "[[Mirandese language|Mirandese]] {{NoteTag|name|=|a|[[Mirandese language|Mirandese]], spoken in some villages of the municipality of [[Miranda do Douro]], was officially recognized in 1999 (''Lei n.\u00b0 7/99 de 29 de Janeiro''),|ref| name=\"auto\"|{{cite web | url = https://mirandes.no.sapo.pt/LMPSlei.html | archive-url = https://web.archive.org/web/20020318130143/http://mirandes.no.sapo.pt/LMPSlei.html | dead-url= yes | archive-date = 18 March 2002 | title = Reconhecimento oficial de direitos lingu\u00edsticos da comunidade mirandesa (Official recognition of linguistic rights of the Mirandese community) | website= Centro de Lingu\u00edstica da Universidade de Lisboa (UdL) | access-date= 2 December 2015 }}|</ref>| awarding it an official right-of-use.|big|ref| name=\"auto1\"|[http://bookshop.europa.eu/en/euromosaic-pbC29295845/downloads/C2-92-95-845-EN-C/C29295845ENC_001.pdf?FileName=C29295845ENC_001.pdf&SKU=C29295845ENC_PDF&CatalogueNumber=C2-92-95-845-EN-C The Euromosaic study, Mirandese in Portugal], europa.eu&nbsp;\u2013 [[European Commission]] website. Retrieved January 2007. Link updated December 2015|</ref>| [[Portuguese Sign Language]] is also recognized.}} awarding it an official right-of-use. {{big|ref| name=\"auto1\"|[http://bookshop.europa.eu/en/euromosaic-pbC29295845/downloads/C2-92-95-845-EN-C/C29295845ENC_001.pdf?FileName=C29295845ENC_001.pdf&SKU=C29295845ENC_PDF&CatalogueNumber=C2-92-95-845-EN-C The Euromosaic study, Mirandese in Portugal], europa.eu&nbsp;\u2013 [[European Commission]] website. Retrieved January 2007. Link updated December 2015|</ref>}} [[Portuguese Sign Language]] is also recognized.",
  "ethnic_groups": "{{Unbulleted list\n    |95.3%&nbsp; [[Portuguese people|Portuguese]]\n    |4.7%&nbsp;Others}}",
  "ethnic_groups_ref": "{{NoteTag|name|=|b|By country of citizenship}}",
  "ethnic_groups_year": "2018",
  "religion": "{{ublist |item_style|=|white-space:nowrap; |81.0% [[Roman Catholic]] |3.3% Other [[Christianity|Christians]] |0.6% Other religion |6.8% No religion |8.3% Undeclared}}",
  "demonym": "[[Portuguese people|Portuguese]]",
  "government_type": "[[Unitary state|Unitary]] [[Semi-presidential system|semi-presidential]] [[Constitution of Portugal|constitutional]] [[republic]]",
  "leader_title1": "[[President of Portugal|President]]",
  "leader_name1": "{{nowrap|[[Marcelo Rebelo de Sousa]]}}",
  "leader_title3": "{{nowrap|[[List of Presidents of the Assembly of the Republic (Portugal)|Assembly President]]}}",
  "leader_name3": "[[Eduardo Ferro Rodrigues]]",
  "leader_title2": "[[Prime Minister of Portugal|Prime Minister]]",
  "leader_name2": "[[Ant\u00f3nio Costa]]",
  "legislature": "[[Assembly of the Republic (Portugal)|Assembly of the Republic]]",
  "sovereignty_type": "[[History of Portugal|Establishment]]",
  "established_event1": "[[County of Portugal#First county|Foundation]]",
  "established_date1": "868",
  "established_event2": "[[County of Portugal#Second county|Re-founding]]",
  "established_date2": "1095",
  "established_event3": "[[Battle of S\u00e3o Mamede|Sovereignty]]",
  "established_date3": "24 June 1128",
  "established_event4": "[[Kingdom of Portugal|Kingdom]]",
  "established_date4": "25 July 1139",
  "established_event5": "[[Treaty of Zamora|Recognition]]",
  "established_date5": "5 October 1143",
  "established_event6": "[[Manifestis Probatum|Papal recognition]]",
  "established_date6": "23 May 1179",
  "established_event7": "[[Portuguese Restoration War|Restoration]]",
  "established_date7": "1 December 1640",
  "established_event8": "[[:pt:Constitui\u00e7\u00e3o portuguesa de 1822|Liberal Constitution]]",
  "established_date8": "23 September 1822",
  "established_event9": "[[5 October 1910 revolution|Republic]]",
  "established_date9": "5 October 1910",
  "established_event10": "[[Carnation Revolution|Democratisation]]",
  "established_date10": "25 April 1974",
  "established_event11": "[[Portuguese Constitution|Present Constitution]]",
  "established_date11": "25 April 1976 {{NoteTag|name|=|c|[[Constitution of Portugal|Portuguese Constitution adopted in 1976]] with several subsequent minor revisions, between 1982 and 2005.}}",
  "established_event12": "[[Accession of Portugal to the European Union|EEC accession]]",
  "established_date12": "1 January 1986",
  "area_km2": "92,212",
  "area_rank": "109th",
  "area_sq_mi": "35,603",
  "percent_water": "0.5",
  "population_estimate": "10,276,617",
  "population_census": "10,562,178",
  "population_estimate_year": "2018",
  "population_census_year": "2011",
  "population_density_km2": "111",
  "population_density_sq_mi": "298",
  "population_density_rank": "97th",
  "GDP_PPP": "$340.715&nbsp;billion",
  "GDP_PPP_year": "2019",
  "GDP_PPP_per_capita": "$33,166",
  "GDP_nominal": "$239.473&nbsp;billion",
  "GDP_nominal_year": "2019",
  "GDP_nominal_per_capita": "$23,311",
  "Gini": "32.1",
  "Gini_year": "2017",
  "Gini_change": "decrease",
  "HDI": "0.847",
  "HDI_year": "2017",
  "HDI_change": "increase",
  "HDI_rank": "41st",
  "currency": "[[Euro]] {{NoteTag|name|=|d|Before 2002, the [[Portuguese escudo|escudo]].}} ([[Euro sign|\u20ac]])",
  "currency_code": "EUR",
  "time_zone": "[[Western European Time|WET]] ([[Coordinated Universal Time|UTC]])<br/>[[UTC\u221201:00|AZOT]]",
  "utc_offset": "\u22121",
  "DST_note": "Note: [[Mainland Portugal]] and [[Madeira]] use WET/WEST, the [[Azores]] use AZOT/AZOST",
  "time_zone_DST": "[[Western European Summer Time|WEST]] ([[Coordinated Universal Time|UTC]]+1)<br/>[[UTC\u00b100:00|AZOST]]",
  "date_format": "dd/mm/yyyy ([[Common Era|CE]])",
  "drives_on": "right",
  "calling_code": "[[Telephone numbers in Portugal|+351]]",
  "cctld": "[[.pt]]",
  "footnote_a": "{{Note|a}} [[Mirandese language|Mirandese]], spoken in some villages of the municipality of [[Miranda do Douro]], was officially recognized in 1999 (''Lei n.\u00b0 7/99 de 29 de Janeiro''), awarding it an official right-of-use. {{big|ref| name=\"auto1\"}} [[Portuguese Sign Language]] is also recognized.",
  "footnote_b": "{{Note|b}} By country of citizenship",
  "footnote_c": "{{Note|c}} [[Constitution of Portugal|Portuguese Constitution adopted in 1976]] with several subsequent minor revisions, between 1982 and 2005.",
  "footnote_d": "{{Note|d}} Before 2002, the [[Portuguese escudo|escudo]].",
  "religion_year": "2011"
}