{
  "conventional_long_name": "Republic of San Marino",
  "common_name": "San Marino",
  "native_name": "{{native name|it|Repubblica di San Marino}}",
  "image_flag": "Flag of San Marino.svg",
  "alt_flag": "Flag of San Marino",
  "image_coat": "Coat of arms of San Marino.svg",
  "alt_coat": "Coat of arms of San Marino",
  "symbol_type": "Coat of arms",
  "national_motto": "{{native phrase|la|\"Libertas\"|italics|=|off}} <br /> {{small|\"Freedom\"}}",
  "national_anthem": "''[[Inno Nazionale della Repubblica]]''<br /><center> {{small|\"National Anthem of the Republic\"}} <div style=\"padding-top:0.5em;\">[[File:Inno Nazionale della Repubblica.ogg]]</div>",
  "image_map": "Location San Marino Europe.png",
  "alt_map": "Location of San Marino in Europe",
  "map_caption": "{{map caption |location_color|=|green |region|=|[[Europe]] |region_color|=|dark grey |legend|=|Location San Marino Europe.png}}",
  "capital": "[[City of San Marino|San Marino]]",
  "coordinates": "{{Coord|43|56|N|12|26|E|type:city}}",
  "largest_settlement": "[[Dogana]]<br /> {{small|coord|43|58|52.57|N|12|29|22.2|E|display|=|inline}} {{coord|43|58|52.57|N|12|29|22.2|E|display|=|inline}}",
  "largest_settlement_type": "settlement",
  "official_languages": "[[Italian language|Italian]]",
  "ethnic_groups": "[[Demographics of San Marino|Sammarinese]]",
  "religion": "[[Roman Catholicism]]",
  "demonym": "[[Sammarinese]]",
  "government_type": "[[Unitary state|Unitary]] [[Parliamentary system|parliamentary]] [[Diarchy|diarchic]] [[Directorial system|directorial republic]]",
  "leader_title1": "[[Captains Regent]]",
  "leader_name1": "[[Nicola Selva]]<br />[[Michele Muratori]]",
  "legislature": "[[Grand and General Council]]",
  "sovereignty_type": "[[Independence]]",
  "established_event1": "from [[Roman Empire]]",
  "established_date1": "3 September 301",
  "area_km2": "61.2",
  "area_rank": "192nd",
  "percent_water": "0",
  "population_estimate": "33,344",
  "population_estimate_year": "2018",
  "population_estimate_rank": "215th",
  "population_density_km2": "520",
  "population_density_rank": "23rd",
  "GDP_PPP": "{{nowrap|$2.09 billion}}",
  "GDP_PPP_year": "2017",
  "GDP_PPP_rank": "175th",
  "GDP_PPP_per_capita": "$60,651",
  "GDP_PPP_per_capita_rank": "11th",
  "GDP_nominal": "{{nowrap|$1.55 billion}}",
  "GDP_nominal_year": "2017",
  "GDP_nominal_rank": "174th",
  "GDP_nominal_per_capita": "$44,947",
  "GDP_nominal_per_capita_rank": "13th",
  "HDI": "0.875",
  "HDI_year": "2013",
  "HDI_rank": "26th",
  "currency": "[[Euro]] ([[Euro sign|\u20ac]])",
  "currency_code": "EUR",
  "time_zone": "[[Central European Time|CET]]",
  "utc_offset": "+1",
  "utc_offset_DST": "+2",
  "time_zone_DST": "[[Central European Summer Time|CEST]]",
  "drives_on": "right",
  "calling_code": "[[+378]] (+39 0549 calling via Italy)",
  "patron_saint": "[[Saint Marinus]]<br />[[Saint Agatha]]",
  "cctld": "[[.sm]]",
  "footnote_a": "By tradition.",
  "footnote_b": "[[List of countries by Human Development Index#UN member states (latest UNDP data)]].",
  "footnotes": "Sources: {{lower|0.4em|big|ref| name=\"cia\"|ref| name=\"unece\"|{{cite web |url=http://www.unece.org/stats/profiles2009/san_marino.pdf |title=San Marino |work=UNECE Statistics Programme |year=2009 |publisher=[[UNECE]] |accessdate=13 March 2010}}|</ref>|<!--end big:-->}} {{big|ref| name=\"cia\"|ref| name=\"unece\"|{{cite web |url=http://www.unece.org/stats/profiles2009/san_marino.pdf |title=San Marino |work=UNECE Statistics Programme |year=2009 |publisher=[[UNECE]] |accessdate=13 March 2010}}|</ref>|<!--end big:-->}}",
  "established_event2": "[[Constitution of San Marino|Constitution]]",
  "established_date2": "8 October 1600<br />(statutes)"
}