{
  "conventional_long_name": "Republic of Serbia",
  "common_name": "Serbia",
  "native_name": "{{native name|sr|\u0420\u0435\u043f\u0443\u0431\u043b\u0438\u043a\u0430 \u0421\u0440\u0431\u0438\u0458\u0430|italics|=|no}} <br/> {{native name|sr|Republika Srbija}}",
  "image_flag": "Flag of Serbia.svg",
  "image_coat": "Coat of arms of Serbia.svg",
  "national_anthem": "<br/>\"[[Bo\u017ee pravde|\u0411\u043e\u0436\u0435 \u043f\u0440\u0430\u0432\u0434\u0435]]\" / \"''Bo\u017ee pravde''\"<br />( {{Lang-en|\"God of Justice\"}} )<br/>[[File:National anthem of Serbia, performed by the United States Navy Band.wav|center]]",
  "image_map": "{{Switcher|[[File:Serbia (orthographic projection).svg|frameless]]|Show globe|[[File:Europe-Serbia.svg|upright=1.15|frameless]]|Show map of Europe|default|=|1}}",
  "map_caption": "Location of Serbia (green) and the disputed territory of [[Kosovo]] (light green) in Europe (dark grey).",
  "capital": "[[Belgrade]]",
  "coordinates": "{{Coord|44|48|N|20|28|E|type:city}}",
  "largest_city": "capital",
  "official_languages": "[[Serbian language|Serbian]]",
  "ethnic_groups": "{{unbulleted list\n  | 83.3% [[Serbs]]\n  |  3.5% [[Hungarians in Serbia|Hungarians]]\n  |  2.1% [[Roma in Serbia|Roma]]\n  |  2% [[Bosniaks of Serbia|Bosniaks]]\n  | |nowrap|9% others|\n  | |small|(excluding [[Kosovo]])|}} {{nowrap|9% others}} {{small|(excluding [[Kosovo]])}}",
  "ethnic_groups_year": "2011",
  "demonym": "[[Serbians|Serbian]]",
  "government_type": "{{nowrap|[[Unitary state|Unitary]] [[Parliamentary system|parliamentary]]<br />[[Republic|constitutional republic]]}}",
  "leader_title1": "[[President of Serbia|President]]",
  "leader_name1": "[[Aleksandar Vu\u010di\u0107]]",
  "leader_title2": "[[Prime Minister of Serbia|Prime Minister]]",
  "leader_name2": "[[Ana Brnabi\u0107]]",
  "leader_title3": "[[President of the National Assembly of Serbia|President of the National Assembly]]",
  "leader_name3": "[[Maja Gojkovi\u0107]]",
  "legislature": "[[National Assembly of Serbia|Narodna skup\u0161tina]]",
  "sovereignty_type": "[[History of Serbia|Establishment history]]",
  "established_event1": "{{nowrap|[[Principality of Serbia (early medieval)|Medieval principality]]}}",
  "established_date1": "8th century",
  "established_event2": "{{nowrap|[[Kingdom of Serbia (medieval)|Medieval kingdom]]}} / {{nowrap|[[Serbian Empire|empire]]}}",
  "established_date2": "1217/1346",
  "established_event3": "{{nowrap|[[Serbian Despotate|Ottoman conquest]]}} <sup>a</sup>",
  "established_date3": "1459\u20131556",
  "established_event4": "{{nowrap|[[Revolutionary Serbia]]}}",
  "established_date4": "1804",
  "established_event5": "{{nowrap|[[Principality of Serbia]]}}",
  "established_date5": "1815",
  "established_event6": "{{nowrap|[[Treaty of Berlin (1878)|Independence recognized]]}}",
  "established_date6": "1878",
  "established_event7": "{{nowrap|[[Banat, Backa and Baranja|National unification]]}}",
  "established_date7": "1912\u20131918",
  "established_event8": "{{nowrap|Independent republic}}",
  "established_date8": "5 June 2006",
  "area_km2": "88361",
  "area_label": "Including Kosovo",
  "area_rank": "111th",
  "area_label2": "Excluding Kosovo",
  "area_data2": "{{convert|77474|km2|abbr|=|on}}",
  "population_estimate": "{{decrease}} 6,963,764 {{small|(excluding Kosovo)}}",
  "population_estimate_year": "2019",
  "population_estimate_rank": "105th",
  "population_density_km2": "89",
  "population_density_sq_mi": "211",
  "population_density_rank": "95th",
  "GDP_PPP": "{{increase}} $129.313&nbsp;billion",
  "GDP_PPP_year": "2019",
  "GDP_PPP_rank": "78th",
  "GDP_PPP_per_capita": "{{increase}} $18,566 {{small|(excluding Kosovo)}} {{lower|0.2em|ref| name=\"IMFWEORS\"|{{cite web|url=https://www.imf.org/external/pubs/ft/weo/2019/01/weodata/weorept.aspx?pr.x=25&pr.y=14&sy=2017&ey=2021&scsm=1&ssd=1&sort=country&ds=.&br=1&c=942&s=NGDPD%2CPPPGDP%2CNGDPDPC%2CPPPPC&grp=0&a= |title=World Economic Outlook Database, April 2019 |publisher=[[International Monetary Fund]] |website=IMF.org |access-date=15 July 2019}}|</ref>}}",
  "GDP_PPP_per_capita_rank": "70th",
  "GDP_nominal": "{{increase}} $52.424&nbsp;billion",
  "GDP_nominal_year": "2019",
  "GDP_nominal_rank": "83rd",
  "GDP_nominal_per_capita": "{{increase}} $7,526 {{small|(excluding Kosovo)}} {{lower|0.2em}}",
  "GDP_nominal_per_capita_rank": "79th",
  "Gini": "37.8",
  "Gini_year": "2017",
  "Gini_change": "decrease",
  "HDI": "0.787",
  "HDI_year": "2017",
  "HDI_change": "increase",
  "HDI_rank": "67th",
  "currency": "[[Serbian dinar]]",
  "currency_code": "RSD",
  "time_zone": "[[Central European Time|CET]]",
  "utc_offset": "[[UTC+1|+1]]",
  "utc_offset_DST": "[[UTC+2|+2]]",
  "time_zone_DST": "[[Central European Summer Time|CEST]]",
  "drives_on": "[[Right- and left-hand traffic|right]]",
  "calling_code": "[[Telephone numbers in Serbia|+381]]",
  "cctld": "{{unbulleted list |[[.rs]] |[[.\u0441\u0440\u0431]]}}",
  "footnote_a": "From the [[Serbian Despotate|fall of Smederevo]] until conquest of [[Belgrade]], [[Macva|Ma\u010dva]] and [[Vojvodina]]"
}