{
  "conventional_long_name": "Republic of Slovenia",
  "common_name": "Slovenia",
  "native_name": "{{native name|sl|Republika Slovenija}}",
  "image_flag": "Flag of Slovenia.svg",
  "image_coat": "Coat of Arms of Slovenia.svg",
  "national_anthem": "{{nowrap|''[[Anthem of the Slovene nation|Zdravljica]]''&nbsp;<br/>(|Lang-en|\"A Toast\"|)|efn-lr|Melody by [[Stanko Premrl]].|#tag:ref|As defined by the Act Regulating the Coat-of-Arms, Flag and Anthem of the Republic of Slovenia and the Flag of the Slovene Nation (\"Zakon o grbu, zastavi in himni Republike Slovenije ter o slovenski narodni zastavi\") from 1994 and published on the web page of the [[National Assembly (Slovenia)|National Assembly of Slovenia]].|ref|{{cite web |url= http://www.pisrs.si/Predpis.aspx?id=ZAKO365&pogled=osnovni |title= PisRS |publisher= Pisrs.si |accessdate= 2 June 2012}}|</ref>|ref| name=\"Bozic\"|{{cite news |url= http://www.delo.si/clanek/127578 |title= Katero kitico \u010d'mo kot himno zapet' |language= Slovenian |trans-title= Which Stanza Should We As the Anthem Sing? |first= Dragan |last= Bo\u017ei\u010d |date= 3 November 2010 |accessdate= 14 February 2011 |issn= 1854-6544}}|</ref>| The question whether the entire ''Zdravljica'' or only its seventh stanza constitutes the Slovenian national anthem remains unresolved. Whereas the [[Constitution of Slovenia]] determines the title of the poem, the act about the anthem specifically determines its seventh stanza. It has been argued|by whom|date|=|December 2018| that the act contradicts the constitution and that the question should be resolved by the [[Constitutional Court of Slovenia|Slovenian Constitutional Court]].|ref|{{cite news |url= http://www.delo.si/novice/politika/zdravljica-v-politicnem-in-pravnem-primezu.html |title= Zdravljica v politi\u010dnem in pravnem prime\u017eu |first= Klara |last= \u0160krinjar |newspaper= Delo.si |date= 3 September 2012 |language= Slovenian |trans-title= Zdravljica in the Political and Legal Vice}}|</ref>|group|=| Note}} <br/>[[File:Slovenia's national anthem, performed by the United States Navy Band.oga|center]] {{Lang-en|\"A Toast\"}} ) {{efn-lr|Melody by [[Stanko Premrl]].|#tag:ref|As defined by the Act Regulating the Coat-of-Arms, Flag and Anthem of the Republic of Slovenia and the Flag of the Slovene Nation (\"Zakon o grbu, zastavi in himni Republike Slovenije ter o slovenski narodni zastavi\") from 1994 and published on the web page of the [[National Assembly (Slovenia)|National Assembly of Slovenia]].|ref|{{cite web |url= http://www.pisrs.si/Predpis.aspx?id=ZAKO365&pogled=osnovni |title= PisRS |publisher= Pisrs.si |accessdate= 2 June 2012}}|</ref>|ref| name=\"Bozic\"|{{cite news |url= http://www.delo.si/clanek/127578 |title= Katero kitico \u010d'mo kot himno zapet' |language= Slovenian |trans-title= Which Stanza Should We As the Anthem Sing? |first= Dragan |last= Bo\u017ei\u010d |date= 3 November 2010 |accessdate= 14 February 2011 |issn= 1854-6544}}|</ref>| The question whether the entire ''Zdravljica'' or only its seventh stanza constitutes the Slovenian national anthem remains unresolved. Whereas the [[Constitution of Slovenia]] determines the title of the poem, the act about the anthem specifically determines its seventh stanza. It has been argued|by whom|date|=|December 2018| that the act contradicts the constitution and that the question should be resolved by the [[Constitutional Court of Slovenia|Slovenian Constitutional Court]].|ref|{{cite news |url= http://www.delo.si/novice/politika/zdravljica-v-politicnem-in-pravnem-primezu.html |title= Zdravljica v politi\u010dnem in pravnem prime\u017eu |first= Klara |last= \u0160krinjar |newspaper= Delo.si |date= 3 September 2012 |language= Slovenian |trans-title= Zdravljica in the Political and Legal Vice}}|</ref>|group|=| Note}} {{#tag:ref|As defined by the Act Regulating the Coat-of-Arms, Flag and Anthem of the Republic of Slovenia and the Flag of the Slovene Nation (\"Zakon o grbu, zastavi in himni Republike Slovenije ter o slovenski narodni zastavi\") from 1994 and published on the web page of the [[National Assembly (Slovenia)|National Assembly of Slovenia]].|ref|{{cite web |url= http://www.pisrs.si/Predpis.aspx?id=ZAKO365&pogled=osnovni |title= PisRS |publisher= Pisrs.si |accessdate= 2 June 2012}}|</ref>|ref| name=\"Bozic\"|{{cite news |url= http://www.delo.si/clanek/127578 |title= Katero kitico \u010d'mo kot himno zapet' |language= Slovenian |trans-title= Which Stanza Should We As the Anthem Sing? |first= Dragan |last= Bo\u017ei\u010d |date= 3 November 2010 |accessdate= 14 February 2011 |issn= 1854-6544}}|</ref>| The question whether the entire ''Zdravljica'' or only its seventh stanza constitutes the Slovenian national anthem remains unresolved. Whereas the [[Constitution of Slovenia]] determines the title of the poem, the act about the anthem specifically determines its seventh stanza. It has been argued|by whom|date|=|December 2018| that the act contradicts the constitution and that the question should be resolved by the [[Constitutional Court of Slovenia|Slovenian Constitutional Court]].|ref|{{cite news |url= http://www.delo.si/novice/politika/zdravljica-v-politicnem-in-pravnem-primezu.html |title= Zdravljica v politi\u010dnem in pravnem prime\u017eu |first= Klara |last= \u0160krinjar |newspaper= Delo.si |date= 3 September 2012 |language= Slovenian |trans-title= Zdravljica in the Political and Legal Vice}}|</ref>|group|=| Note}} The question whether the entire ''Zdravljica'' or only its seventh stanza constitutes the Slovenian national anthem remains unresolved. Whereas the [[Constitution of Slovenia]] determines the title of the poem, the act about the anthem specifically determines its seventh stanza. It has been argued {{by whom|date|=|December 2018}} that the act contradicts the constitution and that the question should be resolved by the [[Constitutional Court of Slovenia|Slovenian Constitutional Court]].",
  "image_map": "EU-Slovenia.svg",
  "map_caption": "{{map caption |location_color|=|dark green |region|=| [[Europe]] |region_color|=|dark grey |subregion|=| the [[European Union]] |subregion_color|=| green}}",
  "image_map2": "Slovenia - Location Map (2013) - SVN - UNOCHA.svg",
  "capital": "[[Ljubljana]]",
  "coordinates": "{{Coord|46|03|N|14|30|E|type:city}}",
  "largest_city": "capital",
  "official_languages": "[[Slovene language|Slovene]] {{efn-lr|[[Hungarian language|Hungarian]] and [[Italian language|Italian]] are co-official in some municipalities.}}",
  "ethnic_groups": "{{unbulleted list\n  | 83% [[Slovenes]]\n  | 2% [[Serbs in Slovenia|Serbs]]\n  | 1.8% [[Croats of Slovenia|Croats]]\n  | 1% [[Bosniaks of Slovenia|Bosniaks]]\n  | 12% Others (including [[Istrian Italians]])|\\|<br/>Unspecified}} {{\\}} <br/>Unspecified",
  "ethnic_groups_year": "2002",
  "demonym": "[[Slovenes|Slovene]]",
  "government_type": "{{nowrap|[[Unitary state|Unitary]] [[Parliamentary system|parliamentary]]<br />[[Republic|constitutional republic]]}}",
  "leader_title1": "[[President of Slovenia|President]]",
  "leader_name1": "{{Current president of Slovenia}}",
  "leader_title2": "[[Prime Minister of Slovenia|Prime Minister]]",
  "leader_name2": "[[Marjan \u0160arec]]",
  "legislature": "[[Slovenian Parliament|Parliament]]",
  "upper_house": "[[National Council (Slovenia)|National Council]]",
  "lower_house": "[[National Assembly (Slovenia)|National Assembly]]",
  "established_event1": "{{nowrap| [[State of Slovenes, Croats and Serbs|State of Slovenes,<br/>Croats and Serbs]]<br/>becomes independent}}",
  "established_date1": "<br/>29 October 1918",
  "established_event2": "{{nowrap|[[Creation of Yugoslavia|Kingdom of Serbs,<br/>Croats and Slovenes<br/>(Kingdom of Yugoslavia)]]}}",
  "established_date2": "<br/>4 December 1918",
  "established_event3": "[[Slovene National Liberation Committee|Slovene statehood]]",
  "established_date3": "19 February 1944",
  "established_event4": "[[Democratic Federal Yugoslavia|Yugoslavia]] becomes a republic",
  "established_date4": "29 November 1945",
  "established_event5": "Independence from Yugoslavia",
  "established_date5": "25 June 1991",
  "established_event6": "[[Brioni Agreement]]",
  "established_date6": "7 July 1991",
  "established_event7": "[[Constitution of Slovenia|Current constitution]]",
  "established_date7": "23 December 1991",
  "established_event8": "[[United Nations Security Council Resolution 754|Admitted to the]] [[United Nations]]",
  "established_date8": "22 May 1992",
  "established_event9": "{{nowrap|[[2004 enlargement of the European Union|Joined]] the [[European Union]]}}",
  "established_date9": "1 May 2004",
  "area_km2": "20,273",
  "area_rank": "151st",
  "area_sq_mi": "7,827",
  "percent_water": "0.7",
  "population_estimate": "{{increase}} 2,084,301",
  "population_census": "1,964,036",
  "population_estimate_year": "2018",
  "population_estimate_rank": "144th",
  "population_census_year": "2002",
  "population_density_km2": "102",
  "population_density_sq_mi": "262",
  "population_density_rank": "106th",
  "GDP_PPP": "$80&nbsp;billion",
  "GDP_PPP_year": "2019",
  "GDP_PPP_rank": "93rd",
  "GDP_PPP_per_capita": "$38,634",
  "GDP_PPP_per_capita_rank": "37th",
  "GDP_nominal": "$55&nbsp;billion",
  "GDP_nominal_year": "2019",
  "GDP_nominal_rank": "80th",
  "GDP_nominal_per_capita": "$26,621",
  "GDP_nominal_per_capita_rank": "34th",
  "Gini": "23.7",
  "Gini_year": "2017",
  "Gini_change": "decrease",
  "Gini_rank": "1st",
  "HDI": "0.896",
  "HDI_year": "2017",
  "HDI_change": "increase",
  "HDI_rank": "25th",
  "currency": "[[Euro]] ([[Euro sign|\u20ac]]) {{efn-lr| [[Slovenian tolar]] prior to 2007.}}",
  "currency_code": "EUR",
  "time_zone": "[[Central European Time|CET]]",
  "utc_offset": "+1",
  "utc_offset_DST": "+2",
  "time_zone_DST": "[[Central European Summer Time|CEST]]",
  "date_format": "dd.mm.yyyy&nbsp;([[Anno Domini|AD]])",
  "drives_on": "right",
  "calling_code": "[[Telephone numbers in Slovenia|+386]]",
  "cctld": "[[.si]] {{efn-lr| Also [[.eu]], shared with other [[European Union]] member states.}}",
  "footnotes": "{{notelist-lr}}",
  "official_website": "{{URL| http://www.slovenia.si/}}"
}