{
  "conventional_long_name": "Kingdom of Sweden",
  "common_name": "Sweden",
  "native_name": "{{native name|sv|Konungariket Sverige}}",
  "image_flag": "Flag of Sweden.svg",
  "image_coat": "Coat of arms of Sweden.svg",
  "symbol_type": "[[Coat of arms of Sweden|Coat of arms]]",
  "symbol_width": "70px",
  "national_motto": "{{small|[[Royal mottos of Swedish monarchs|(royal)]]}} &nbsp;\" {{lang|sv|F\u00f6r Sverige \u2013 i tiden}} \" {{ref label|aaa|a}} <br /> {{small|\"For Sweden \u2013 With the Times\"|ref|{{Cite web |title = Mottoes of The Kings and Queens of Sweden |url = http://www.kungahuset.se/royalcourt/monarchytheroyalcourt/themonarchyinsweden/mottoesofthemonarchs.4.396160511584257f2180004713.html |publisher = [[Royal Court of Sweden]] |website = www.kungahuset.se |accessdate = 22 December 2015 |archive-url = https://web.archive.org/web/20151223021154/http://www.kungahuset.se/royalcourt/monarchytheroyalcourt/themonarchyinsweden/mottoesofthemonarchs.4.396160511584257f2180004713.html |archive-date = 23 December 2015 |dead-url = no |df = dmy-all }}|</ref>}}",
  "national_anthem": "'' {{lang|sv|[[Du gamla, Du fria]]}} '' {{ref label|bbb|b}} <br /> {{small|''Thou ancient, thou free''}} <div style=\"padding-top:0.5em;\">[[File:United States Navy Band - Sweden.ogg|center]]</div>",
  "royal_anthem": "'' {{lang|sv|[[Kungss\u00e5ngen]]}} ''<br /> {{small|''Song of the King''}}",
  "image_map": "{{Switcher|[[File:EU-Sweden (orthographic projection).svg|frameless]]|Show globe|[[File:EU-Sweden.svg|upright=1.15|frameless]]|Show map of Europe|default|=|1}}",
  "map_caption": "{{map caption |location_color|=|dark green |region|=|Europe |region_color|=|dark grey |subregion|=|the [[European Union]] |subregion_color|=|green |legend|=|EU-Sweden.svg}}",
  "capital": "[[Stockholm]]",
  "coordinates": "{{Coord|59|21|N|18|4|E|type:city}}",
  "largest_city": "capital",
  "official_languages": "[[Swedish language|Swedish]] {{ref label|ccc|c}} <br />Official minority languages: {{ref label|ccc|c}} <br />[[Finnish language|Finnish]]<br />[[Me\u00e4nkieli]]<br />[[Sami languages|Sami]]<br />[[Romani language|Romani]]<br />[[Yiddish]]",
  "ethnic_groups": "No official statistics {{ref label|ddd|d}}",
  "demonym": "{{hlist |[[Swedish people|Swedish]] |[[Swedes|Swede]]}}",
  "government_type": "{{nowrap|[[Unitary state|Unitary]] [[Parliamentary system|parliamentary]]<br />[[constitutional monarchy]]}}",
  "leader_title1": "[[Monarchy of Sweden|Monarch]]",
  "leader_name1": "[[Carl XVI Gustaf of Sweden|Carl XVI Gustaf]]",
  "leader_title2": "[[Speaker of the Riksdag|Riksdag Speaker]]",
  "leader_name2": "[[Andreas Norl\u00e9n]]",
  "leader_title3": "[[Prime Minister of Sweden|Prime Minister]]",
  "leader_name3": "[[Stefan L\u00f6fven]]",
  "legislature": "[[Riksdag]]",
  "sovereignty_type": "[[History of Sweden|History]]",
  "established_event1": "A unified Swedish kingdom established",
  "established_date1": "By the early 12th century",
  "established_event2": "Part of [[Kalmar Union]]",
  "established_date2": "1397\u20131523",
  "established_event3": "Part of [[Swedish-Norwegian Union]]",
  "established_date3": "4 November 1814 \u2013 August 1905",
  "established_event4": "[[1995 enlargement of the European Union|Joined]] the [[European Union]]",
  "established_date4": "1 January 1995",
  "area_km2": "450,295",
  "area_rank": "55th",
  "area_sq_mi": "175,896",
  "percent_water": "8.7",
  "population_census": "{{increase}} 10,272,518",
  "population_census_year": "May 2019",
  "population_census_rank": "89th",
  "population_density_km2": "23",
  "population_density_sq_mi": "57.8",
  "population_density_rank": "198th",
  "GDP_PPP": "{{nowrap|$567 billion|ref| name=\"imf2\"|{{cite web |url=https://www.imf.org/external/pubs/ft/weo/2018/02/weodata/weorept.aspx?pr.x=80&pr.y=2&sy=2018&ey=2019&scsm=1&ssd=1&sort=country&ds=.&br=1&c=144&s=NGDPD%2CPPPGDP%2CNGDPRPPPPC%2CNGDPDPC%2CPPPPC&grp=0&a=|title=Sweden |publisher=[[International Monetary Fund]]}}|</ref>|<!--end nowrap:-->}}",
  "GDP_PPP_year": "2019",
  "GDP_PPP_rank": "36th",
  "GDP_PPP_per_capita": "$54,474",
  "GDP_PPP_per_capita_rank": "17th",
  "GDP_nominal": "{{nowrap|$563 billion|ref| name=\"imf2\"}}",
  "GDP_nominal_year": "2019",
  "GDP_nominal_rank": "23rd",
  "GDP_nominal_per_capita": "$54,135",
  "GDP_nominal_per_capita_rank": "11th",
  "Gini": "28.0",
  "Gini_year": "2017",
  "Gini_change": "increase",
  "HDI": "0.933",
  "HDI_year": "2017",
  "HDI_change": "increase",
  "HDI_rank": "7th",
  "currency": "[[Swedish krona]]",
  "currency_code": "SEK",
  "time_zone": "[[Central European Time|CET]]",
  "utc_offset": "+1",
  "utc_offset_DST": "+2",
  "time_zone_DST": "[[Central European Summer Time|CEST]]",
  "date_format": "YYYY-MM-DD",
  "drives_on": "right {{ref label|eee|e}}",
  "calling_code": "[[Telephone numbers in Sweden|+46]]",
  "cctld": "[[.se]] {{ref label|fff|f}}",
  "footnote_a": "{{note|aaa}} \" {{lang|sv|F\u00f6r Sverige \u2013 I tiden}} \" has been adopted by [[Carl XVI Gustaf of Sweden|Carl XVI Gustaf]] as his personal motto.",
  "footnote_b": "{{note|bbb}} '' {{lang|sv|[[Du gamla, Du fria]]}} '' has never been officially adopted as national anthem, but is so by convention.",
  "footnote_c": "{{note|ccc}} Since 1 July 2009. Five other languages are [[Minority languages of Sweden|officially recognised as minority languages]]: [[Finnish language|Finnish]], [[Me\u00e4nkieli]], [[Romani language|Romani]], [[Sami languages|Sami]], and [[Yiddish language|Yiddish]]. The [[Swedish Sign Language]] also has a special status.",
  "footnote_d": "{{note|ddd}} {{as of|2012|12|31|alt|=|On 31 December 2012}} , approximately 27% of the population had a full or partial foreign background.",
  "footnote_e": "{{note|eee}} Since [[Dagen H|3 September 1967]].",
  "footnote_f": "{{note|fff}} The [[.eu]] domain is also used, as it is shared with other [[European Union]] member states.",
  "iso3166code": "SE"
}