{
  "conventional_long_name": "Republic of Turkey",
  "common_name": "Turkey",
  "native_name": "{{native name|tr|T\u00fcrkiye Cumhuriyeti}}",
  "image_flag": "Flag of Turkey.svg",
  "national_anthem": "<br /> {{small|Osman Zeki \u00dcng\u00f6r's}} {{vunblist |\"[[\u0130stikl\u00e2l Mar\u015f\u0131]]\" |small|\"The Independence March\"|<!-- composer is necessary as a different composition was used before 1932 -->|[[File:Istikl\u00e2l Marsi instrumetal.ogg|center]]}} {{small|\"The Independence March\"}}",
  "image_map": "Turkey (orthographic projection).svg",
  "capital": "[[Ankara]]",
  "coordinates": "{{Coord|40|N|33|E|type:city|display|=|title,inline}}",
  "largest_city": "[[Istanbul]]<br /> {{smaller|coord|41|1|N|28|57|E|display|=|inline}} {{coord|41|1|N|28|57|E|display|=|inline}}",
  "official_languages": "[[Turkish language|Turkish]]",
  "languages_type": "[[Spoken language]]s",
  "languages": "{{hlist|[[Turkish language|Turkish]]|[[Northern Kurdish|Kurmanji]]|[[Zaza language|Zaza]]|[[Laz language|Laz]]|[[Kabardian language|Kabardian-Cherkess]]|[[Bosnian language|Bosnian]]|[[Syrian Arabic]]|[[Languages of Turkey|various others]]}}",
  "ethnic_groups": "{{hlist|[[Turkish people|Turks]]|[[Kurds in Turkey|Kurds]]|[[Arabs in Turkey|Arabs]]|[[Laz people in Turkey|Laz]]|[[Circassians in Turkey|Circassians]]|[[Bosniaks in Turkey|Bosnians]]|[[Minorities in Turkey|various others]]}}",
  "demonym": "{{hlist|[[Turkish people|Turkish]]}}",
  "government_type": "[[Unitary state|Unitary]] [[presidential system|presidential]] [[Constitution of Turkey|constitutional]] [[republic]]",
  "leader_title1": "[[President of Turkey|President]]",
  "leader_name1": "[[Recep Tayyip Erdo\u011fan]]",
  "leader_title2": "[[Vice President of Turkey|Vice President]]",
  "leader_name2": "[[Fuat Oktay]]",
  "leader_title3": "[[Speaker of the Grand National Assembly|Assembly Speaker]]",
  "leader_name3": "[[Mustafa \u015eentop]]",
  "legislature": "{{nowrap|[[Grand National Assembly of Turkey|Grand National Assembly]]}}",
  "established_event1": "[[Turkish War of Independence|War of Independence]]",
  "established_date1": "19 May 1919",
  "established_event2": "[[Grand National Assembly of Turkey]]",
  "established_date2": "23 April 1920",
  "established_event3": "{{nowrap|[[Treaty of Lausanne]]}}",
  "established_date3": "24 July 1923",
  "established_event4": "{{nowrap|[[History of Turkey|Declaration of Republic]]}}",
  "established_date4": "29 October 1923",
  "area_km2": "783,356",
  "area_rank": "36th",
  "area_sq_mi": "302535",
  "percent_water": "1.3",
  "population_estimate": "{{increase}} 82,003,882 ([[List of countries by population|19th]])",
  "population_estimate_year": "2018",
  "population_density_km2": "105",
  "population_density_sq_mi": "262",
  "population_density_rank": "107th",
  "GDP_PPP": "{{decrease}} $2.274&nbsp;trillion",
  "GDP_PPP_year": "2019",
  "GDP_PPP_rank": "13th",
  "GDP_PPP_per_capita": "{{decrease}} $27,391",
  "GDP_PPP_per_capita_rank": "45th",
  "GDP_nominal": "{{decrease}} $706.237&nbsp;billion",
  "GDP_nominal_year": "2019",
  "GDP_nominal_rank": "17th",
  "GDP_nominal_per_capita": "{{decrease}} $8,507",
  "GDP_nominal_per_capita_rank": "60th",
  "Gini": "41.9",
  "Gini_year": "2016",
  "Gini_change": "decrease",
  "Gini_rank": "56th",
  "HDI": "0.791",
  "HDI_year": "2017",
  "HDI_change": "increase",
  "HDI_rank": "64th",
  "currency": "[[Turkish lira]] [[Turkish lira sign|(\u20ba)]]",
  "currency_code": "TRY",
  "time_zone": "[[Further-eastern European Time|FET]]",
  "utc_offset": "+3",
  "date_format": "dd/mm/yyyy ([[Anno Domini|AD]])",
  "drives_on": "right",
  "calling_code": "[[Telephone numbers in Turkey|+90]]",
  "cctld": "[[.tr]]"
}