{
  "conventional_long_name": "Ukraine",
  "common_name": "Ukraine",
  "native_name": "{{ubl|native name|uk|\u0423\u043a\u0440\u0430\u0457\u043d\u0430|italics|=|off|''Ukrayina''}} {{native name|uk|\u0423\u043a\u0440\u0430\u0457\u043d\u0430|italics|=|off}}",
  "image_flag": "Flag of Ukraine.svg",
  "image_coat": "Lesser Coat of Arms of Ukraine.svg",
  "national_anthem": "<br /> {{lang|uk-Latn|\"[[Shche ne vmerla Ukraina|Shche ne vmerla Ukrayiny<br />ni slava, ni volya]]\"}} <br />( {{Lang-en|\"The glory and the will of Ukraine<br />have not yet died\"}} ) {{Efn|Also \u2013 \"Ukraine has not yet perished with its glory and its will\"}} <br />[[File:National anthem of Ukraine, instrumental.oga|center]]",
  "image_map": "{{Switcher|[[File:Europe-Ukraine (orthographic projection; disputed territory).svg|frameless]]|Show globe|[[File:Europe-Ukraine (disputed territory).svg|upright=1.15|frameless]]|Show map of Europe|default|=|1}}",
  "map_caption": "{{unbulleted list|map caption |country|=|nobold|Ukraine| |location_color|=|green| [[Annexation of Crimea by the Russian Federation|Annexed by Russia]] (light green)}} {{map caption |country|=|nobold|Ukraine| |location_color|=|green}} {{nobold|Ukraine}}",
  "capital": "[[Kiev]]",
  "coordinates": "{{Coord|50|27|N|30|30|E|type:city}}",
  "largest_city": "capital",
  "official_languages": "[[Ukrainian language|Ukrainian]]",
  "ethnic_groups": "{{unbulleted list\n  | 77.8% [[Ukrainians]]\n  | 17.3% [[Russians in Ukraine|Russians]]\n  | |nowrap|4.9% others/unspecified|}} {{nowrap|4.9% others/unspecified}}",
  "ethnic_groups_year": "2001",
  "demonym": "[[Ukrainians|Ukrainian]]",
  "government_type": "{{nowrap|[[Unitary state|Unitary]] [[semi-presidential]]}} [[constitutional republic]]",
  "leader_title1": "[[President of Ukraine|President]]",
  "leader_name1": "[[Volodymyr Zelensky]]",
  "leader_title2": "[[Prime Minister of Ukraine|Prime Minister]]",
  "leader_name2": "[[Volodymyr Groysman]]",
  "leader_title3": "[[Chairman of the Verkhovna Rada|Chairman of Parliament]]",
  "leader_name3": "[[Andriy Parubiy]]",
  "legislature": "[[Verkhovna Rada]]",
  "sovereignty_type": "[[History of Ukraine|Establishment history]]",
  "established_event1": "[[Kievan Rus']]<br>established",
  "established_date1": "882",
  "established_event2": "{{nowrap|[[Kingdom of Galicia\u2013Volhynia|Kingdom of<br>Ruthenia]]}}",
  "established_date2": "1199",
  "established_event3": "{{nowrap|[[Cossack Hetmanate|Cossack<br>Hetmanate]]}}",
  "established_date3": "17 August 1649",
  "established_event4": "[[Ukrainian People's Republic|Authonomy]]<br>within [[Russian Republic|Russia]]",
  "established_date4": "10 June 1917",
  "established_event5": "Independence<br>proclaimed",
  "established_date5": "22 January 1918",
  "established_event6": "[[West Ukrainian People's Republic|West UPR]]<br>proclaimed",
  "established_date6": "1 November 1918",
  "established_event7": "[[Ukrainian Soviet Socialist Republic|Soviet rule]]<br>established",
  "established_date7": "10 March 1919",
  "established_event8": "Member of the<br>[[Soviet Union]]",
  "established_date8": "30 December 1922",
  "established_event9": "[[Czechoslovakia]]n<br>[[Carpatho-Ukraine|authonomy]]",
  "established_date9": "30 December 1938",
  "established_event10": "{{nowrap|[[Soviet annexation of Western Ukraine, 1939\u20131940|Soviet annexation<br />of Western Ukraine]]}}",
  "established_date10": "15 November 1939",
  "established_event11": "{{nowrap|[[Declaration of Ukrainian Independence, 1941|Independence<br>proclaimed]]}}",
  "established_date11": "30 June 1941",
  "established_event12": "{{nowrap|[[Declaration of State Sovereignty of Ukraine|Declaration of<br />state sovereignty]]}}",
  "established_date12": "16 July 1990",
  "established_event13": "{{nowrap|[[Declaration of Independence of Ukraine|Independence]] from<br>the Soviet Union}}",
  "established_date13": "24 August 1991<sup>a</sup>",
  "established_event14": "[[Constitution of Ukraine|Current<br>constitution]]",
  "established_date14": "28 June 1996",
  "area_km2": "603,628",
  "area_rank": "45th",
  "area_sq_mi": "or 233,013/ 223,013",
  "percent_water": "7",
  "population_estimate": "{{decrease}} 42,030,832 <br/> {{small|(excluding [[Crimea]] and [[Sevastopol]])}}",
  "population_census": "48,457,102",
  "population_estimate_year": "2019",
  "population_estimate_rank": "33rd",
  "population_census_year": "2001",
  "population_density_km2": "73.8",
  "population_density_sq_mi": "191",
  "population_density_rank": "115th",
  "GDP_PPP": "{{increase}} $408.040 billion",
  "GDP_PPP_year": "2019",
  "GDP_PPP_rank": "47th",
  "GDP_PPP_per_capita": "{{increase}} $9,743",
  "GDP_PPP_per_capita_rank": "111th",
  "GDP_nominal": "{{increase}} $134.887 billion",
  "GDP_nominal_year": "2019",
  "GDP_nominal_rank": "57th",
  "GDP_nominal_per_capita": "{{increase}} $3,220",
  "GDP_nominal_per_capita_rank": "128th",
  "Gini": "25.0",
  "Gini_year": "2016",
  "Gini_change": "decrease",
  "Gini_rank": "18th",
  "HDI": "0.751",
  "HDI_year": "2017",
  "HDI_change": "increase",
  "HDI_rank": "88th",
  "currency": "[[Ukrainian hryvnia]] (\u20b4)",
  "currency_code": "UAH",
  "time_zone": "[[Eastern European Time|EET]]",
  "utc_offset": "+2",
  "utc_offset_DST": "+3",
  "time_zone_DST": "[[Eastern European Summer Time|EEST]]",
  "drives_on": "[[Right- and left-hand traffic|right]]",
  "calling_code": "[[Telephone numbers in Ukraine|+380]]",
  "cctld": "{{unbulleted list |[[.ua]] |[[.\u0443\u043a\u0440]]}}",
  "footnote_a": "An [[1991 Ukrainian independence referendum|independence referendum]] was held on 1 December, after which Ukrainian independence was finalized on 26 December."
}